y_true,y_prob,logit
0,0.00004866,-9.93066406
0,0.00227851,-6.08195210
1,0.99999273,11.83856297
0,0.00000004,-17.01825142
1,0.99192423,4.81078529
1,0.99847347,6.48325920
1,0.99948668,7.57406712
1,0.95417559,3.03603125
0,0.00002570,-10.56899261
0,0.97739458,3.76669836
1,0.98384470,4.10921764
1,0.42691186,-0.29446197
1,0.99983430,8.70531559
0,0.00002440,-10.62105465
1,0.99999857,13.48414326
1,0.98122609,3.95633769
1,0.00085537,-7.06312037
0,0.00000000,-32.62775803
0,0.00001095,-11.42205429
1,0.90419561,2.24473691
0,0.00000291,-12.74660206
1,0.94471455,2.83837271
0,0.00000252,-12.89258003
0,0.00000306,-12.69580650
1,0.99999118,11.63812542
1,0.02106741,-3.83873534
0,0.00005545,-9.79995251
0,0.00097509,-6.93200302
1,0.99900180,6.90857220
0,0.00000000,-32.86135483
0,0.00111542,-6.79740381
0,0.06892231,-2.60336280
1,0.99999964,14.99864197
1,0.92527950,2.51634073
0,0.00000000,-26.15975380
0,0.00000173,-13.26968670
1,0.61828077,0.48225740
1,0.98167557,3.98102593
0,0.00000000,-21.77136612
1,0.99999094,11.61810970
0,0.00119012,-6.73251247
1,0.99989963,9.20692635
0,0.00000000,-23.19163895
1,0.99644357,5.63544750
1,0.16758558,-1.60283625
0,0.00000687,-11.88783646
0,0.00000000,-34.15965652
1,0.74611849,1.07801688
1,0.78794456,1.31257975
0,0.00000000,-35.30619431
1,0.95553988,3.06768417
1,0.20294355,-1.36799777
0,0.00000161,-13.33813000
1,0.53818917,0.15305483
1,0.99999046,11.56500340
1,0.74832439,1.08969557
0,0.00000000,-23.17098427
0,0.99870169,6.64543533
0,0.00000008,-16.39364624
1,0.98075277,3.93095112
1,0.98115510,3.95248866
0,0.00000370,-12.50607967
0,0.00000000,-25.79307747
1,0.50540328,0.02161389
1,0.99992025,9.43696785
1,0.87320888,1.92963398
1,0.99977642,8.40547943
1,0.95964402,3.16882157
1,0.97381973,3.61622310
0,0.00000160,-13.34567928
0,0.00000000,-31.76474380
1,0.99993968,9.71588612
1,0.99126148,4.73123932
1,0.99995387,9.98420429
1,0.98890346,4.48996544
1,0.99999726,12.81546879
0,0.00000000,-25.77021027
0,0.01753089,-4.02610445
1,0.99621350,5.57253361
1,0.99946696,7.53632450
0,0.00011539,-9.06712055
0,0.93509406,2.66770744
0,0.00000068,-14.20628738
0,0.26586217,-1.01571882
1,0.91500747,2.37636900
0,0.00001523,-11.09213543
1,0.69847316,0.84003770
0,0.00000000,-22.86287117
0,0.84574002,1.70157254
0,0.94423836,2.82929206
1,0.99997509,10.60045242
0,0.00000003,-17.20363617
0,0.06054383,-2.74193358
1,0.17788710,-1.53072870
0,0.00000000,-24.82024002
0,0.00019166,-8.55959606
1,0.99974543,8.27560997
1,0.62620795,0.51598287
1,0.99970692,8.13484859
0,0.00000000,-25.87171173
0,0.00006260,-9.67866802
1,0.90527672,2.25728035
0,0.00000002,-17.80692673
0,0.00011832,-9.04202652
0,0.00496814,-5.29972887
0,0.11426064,-2.04794049
0,0.00000000,-28.94114494
0,0.00000000,-32.14657211
0,0.00001012,-11.50061512
1,0.99955148,7.70921040
0,0.88227493,2.01415110
0,0.03917152,-3.19984603
1,0.95288342,3.00686836
0,0.00000000,-20.45387268
0,0.00021577,-8.44110298
1,0.98753452,4.37224483
0,0.00010534,-9.15824032
0,0.82819569,1.57289374
1,0.25463608,-1.07403731
1,0.88127619,2.00457144
1,0.79125154,1.33248556
0,0.00000207,-13.08696079
1,0.95869398,3.14456511
0,0.00000000,-25.46050262
0,0.01414802,-4.24393177
1,0.73246652,1.00717294
1,0.99999428,12.06755733
0,0.00000000,-20.74200439
1,0.99831712,6.38556480
0,0.00002842,-10.46831036
0,0.00000000,-32.27098846
0,0.00000003,-17.47994232
0,0.00000000,-33.34133911
0,0.00000575,-12.06621933
1,0.99838710,6.42810154
0,0.00000000,-19.91925049
1,0.02666217,-3.59748530
1,0.21670106,-1.28499568
0,0.75805670,1.14205492
1,0.86730009,1.87729478
1,0.99994290,9.77155685
0,0.00111928,-6.79395247
1,0.91596520,2.38874722
1,0.99999726,12.79216099
1,0.99894077,6.84917021
1,0.71605921,0.92499727
1,0.99999988,16.06933594
0,0.00000070,-14.17301369
1,0.99935108,7.33950090
1,0.99222130,4.84856415
1,0.93771333,2.71169615
0,0.00000001,-18.49177933
0,0.00562404,-5.17506504
0,0.00028968,-8.14645481
0,0.00000045,-14.60321903
1,0.99569380,5.44338560
1,0.98878342,4.47908592
0,0.00000002,-17.97490311
1,0.99991310,9.35068798
1,0.99990094,9.21989918
1,0.36045322,-0.57339764
1,0.99998367,11.02554417
1,0.88342714,2.02529192
1,0.99975199,8.30181408
0,0.00000000,-27.08640099
0,0.00000102,-13.80031300
1,0.87127918,1.91231668
1,0.99999988,16.14527321
0,0.00000000,-20.80968475
1,0.99710983,5.84353733
0,0.00063391,-7.36296606
0,0.03281023,-3.38365436
0,0.00000631,-11.97364712
0,0.00000001,-18.85885620
0,0.00000781,-11.76056957
1,0.99970007,8.11137962
0,0.00550874,-5.19589615
0,0.00000000,-23.65878677
1,0.29669368,-0.86309230
0,0.00000000,-30.61507797
1,0.99999809,13.16454983
0,0.00000003,-17.41601944
0,0.00009967,-9.21354389
0,0.00000093,-13.88557529
1,0.99988878,9.10439205
0,0.00436839,-5.42898369
1,0.99815506,6.29345989
1,0.98260444,4.03398991
1,0.99999988,16.01760483
0,0.00004310,-10.05205345
0,0.00000729,-11.82950020
1,0.99958843,7.79498100
1,0.11380100,-2.05249023
1,0.99759656,6.02844048
0,0.00000000,-29.01717758
1,0.99830210,6.37664652
0,0.00000203,-13.10579967
0,0.66930038,0.70502234
1,0.00417166,-5.47525978
0,0.00000025,-15.21528912
1,0.86692470,1.87403727
1,0.99226636,4.85440779
0,0.65234870,0.62937927
0,0.00000009,-16.21718597
0,0.72107267,0.94978851
0,0.00000000,-27.27604294
0,0.41714624,-0.33449951
0,0.86254746,1.83661163
1,0.99997735,10.69635296
1,0.99169767,4.78287888
0,0.00070380,-7.25831652
0,0.00143697,-6.54377890
0,0.00000749,-11.80197430
1,0.99397099,5.10512733
0,0.00000001,-18.93455315
0,0.00000026,-15.18071556
1,0.99871171,6.65315247
1,0.92497474,2.51194215
1,0.95636225,3.08721495
0,0.00000000,-25.83250809
0,0.00264674,-5.93177509
0,0.97876257,3.83052588
1,0.99953854,7.68047285
1,1.00000000,20.42933655
1,0.99998879,11.39630032
0,0.00015513,-8.77106857
1,0.96093249,3.20261192
0,0.68999881,0.80011356
0,0.00000023,-15.26731396
0,0.00011702,-9.05308247
0,0.00000000,-25.94776535
0,0.00000018,-15.54297924
1,0.99995553,10.02112865
1,0.99390548,5.09425497
1,0.81075746,1.45493948
1,0.99999952,14.54841518
1,0.99321872,4.98677588
0,0.00000091,-13.90881252
1,0.72371751,0.96297717
0,0.00000291,-12.74674320
0,0.00008509,-9.37169933
1,0.98412621,4.12708473
1,0.98567188,4.23109674
1,0.99993038,9.57198048
1,1.00000000,17.25134659
1,0.99959332,7.80705595
0,0.00000005,-16.74536133
0,0.00003853,-10.16408253
1,0.99992919,9.55593395
0,0.00000030,-15.01645756
0,0.00000000,-25.59343719
0,0.00000000,-26.09864998
0,0.00002932,-10.43731213
0,0.00000000,-19.86808586
1,0.99876475,6.69521570
0,0.00000264,-12.84369755
1,0.73384744,1.01423144
0,0.00000000,-33.84471893
0,0.00000000,-24.56400299
1,0.99999344,11.94035625
1,0.98841387,4.44629526
1,0.99985838,8.86237240
0,0.92902595,2.57182264
1,0.99999750,12.90496063
1,0.99999821,13.21296883
1,0.93453908,2.65860081
0,0.00000560,-12.09355354
0,0.00000000,-19.14973450
1,0.00059155,-7.43216896
1,0.99998760,11.29342365
1,0.99999571,12.36418247
0,0.00000000,-25.64826393
0,0.99931955,7.29201889
0,0.00000001,-18.81840897
0,0.00000000,-23.74395370
0,0.00000004,-16.93151093
1,0.69457549,0.82159805
1,0.40355137,-0.39068934
1,0.99797624,6.20079231
1,0.99881810,6.73951149
0,0.00017677,-8.64050770
0,0.15751359,-1.67684579
0,0.00000000,-24.40346527
1,0.99829513,6.37256956
0,0.00005594,-9.79123688
1,0.99999857,13.49321556
1,0.17993411,-1.51679397
0,0.00115752,-6.76031685
1,0.99998891,11.40511322
0,0.00000000,-25.18380356
0,0.00000125,-13.59345818
0,0.00000005,-16.79339218
1,0.99989557,9.16661930
1,0.99738485,5.94382191
1,0.02464781,-3.67811060
1,0.89067405,2.09764528
1,0.98622537,4.27105331
1,0.99999511,12.24042130
0,0.00000008,-16.33076668
1,0.00044145,-7.72500658
1,0.52036363,0.08149955
1,0.99502963,5.29927349
1,0.88809633,2.07144141
1,0.99501181,5.29567575
0,0.00002177,-10.73483372
1,0.98565108,4.22962856
1,0.99897254,6.87960529
1,0.97777188,3.78391743
1,0.74204856,1.05664337
0,0.00001377,-11.19294834
1,0.98616159,4.26636839
0,0.00000001,-18.52646828
1,0.98050678,3.91800261
0,0.00200581,-6.20969868
0,0.00000000,-25.55267143
0,0.00000000,-25.60972404
1,0.99965918,7.98394775
0,0.00000000,-20.84451294
1,0.99795449,6.19005919
0,0.00000000,-31.52127075
0,0.00000007,-16.49003220
1,0.97567731,3.69171953
0,0.01702497,-4.05590248
1,0.97677177,3.73888707
1,0.03838295,-3.22100306
0,0.00013677,-8.89708233
1,0.99914157,7.05964088
0,0.97777462,3.78404474
1,0.98901284,4.49998188
1,0.01236090,-4.38077927
0,0.00000547,-12.11531448
0,0.00129653,-6.64676332
0,0.00000000,-34.76851654
0,0.00000016,-15.64861870
0,0.00001374,-11.19536304
0,0.23761310,-1.16581047
1,0.88825923,2.07308125
1,0.67720765,0.74096870
0,0.00044459,-7.71792221
0,0.00000415,-12.39317226
0,0.00005305,-9.84420109
1,0.99927408,7.22739506
1,0.98756695,4.37488937
0,0.00000528,-12.15159512
1,0.99204808,4.82636261
0,0.00018243,-8.60895538
1,0.97333503,3.59737921
0,0.00005104,-9.88284779
0,0.00000306,-12.69785786
1,0.99999774,12.99377823
1,0.99972469,8.19751835
1,0.99999940,14.24886990
0,0.09832327,-2.21599531
0,0.00000001,-18.54249573
1,0.04210816,-3.12449336
0,0.74024570,1.04724586
1,0.03746353,-3.24620390
0,0.00000856,-11.66833782
1,0.81293821,1.46921647
0,0.00000000,-32.53543091
0,0.00000049,-14.53652096
0,0.00189100,-6.26875830
0,0.00000000,-21.35934639
1,0.99994087,9.73600483
0,0.00000064,-14.25967407
0,0.00029817,-8.11756420
0,0.81190765,1.46245360
1,0.99988759,9.09365082
0,0.00003869,-10.15989304
0,0.00000000,-24.68469238
1,0.99999893,13.71997547
0,0.00000000,-25.40773010
1,0.99653614,5.66188478
1,0.99917847,7.10353184
0,0.00000156,-13.37237167
0,0.00000000,-24.67047501
1,0.85488814,1.77346563
1,0.99999762,12.92229271
0,0.01151855,-4.45221138
0,0.00000364,-12.52276134
1,0.99994755,9.85667229
0,0.00255957,-5.96535349
1,0.99999940,14.35626888
1,0.99996138,10.16032887
1,0.99985588,8.84501171
1,0.99993145,9.58879089
1,0.99964857,7.95303774
0,0.23799603,-1.16369772
1,0.88217098,2.01315165
1,0.95659494,3.09280586
0,0.00000005,-16.79801369
1,0.99999881,13.67073059
0,0.00622896,-5.07229710
0,0.00000000,-19.83580017
1,0.99998474,11.08837700
1,0.99937183,7.37194252
1,0.99998808,11.33389950
1,1.00000000,17.04256821
1,0.99963105,7.90439463
1,0.99999607,12.44303417
1,0.04347020,-3.09123635
0,0.00000000,-24.88872528
1,0.32301015,-0.73997253
1,0.96666569,3.36726594
0,0.00000000,-25.31890869
0,0.00000007,-16.46903610
0,0.71812761,0.93519294
0,0.00000000,-22.69109535
1,0.99995100,9.92458439
0,0.00000013,-15.88708591
0,0.00000418,-12.38446617
1,0.99866498,6.61750889
1,0.99978822,8.45962811
0,0.00000575,-12.06650829
0,0.00000000,-32.30617905
0,0.00000000,-21.70797348
0,0.00009280,-9.28491783
1,0.85874152,1.80487692
1,0.75502032,1.12556934
1,0.99947625,7.55397892
1,0.99904114,6.94885349
0,0.98986650,4.58172798
1,0.99836379,6.41371059
0,0.00000000,-22.22537613
1,0.98641044,4.28476715
0,0.16244647,-1.64013660
1,0.85801244,1.79887903
0,0.00082322,-7.10146093
1,0.99118996,4.72301769
0,0.66740608,0.69647658
0,0.33651894,-0.67884588
0,0.00000000,-21.45553970
0,0.99787712,6.15283728
0,0.00000772,-11.77215004
0,0.00094924,-6.95889997
0,0.00002932,-10.43707371
0,0.00000000,-31.52947235
0,0.00000000,-19.15611267
1,0.00173503,-6.35499477
0,0.00000000,-36.44025040
0,0.00000698,-11.87260818
0,0.00000006,-16.66025925
1,0.99964345,7.93877029
0,0.00000000,-20.86223602
1,0.99997747,10.70080280
0,0.00010759,-9.13703156
0,0.00296995,-5.81623745
0,0.00000463,-12.28231812
0,0.00000006,-16.62507629
0,0.00000020,-15.40371037
1,0.99995685,10.05091381
0,0.00000000,-22.10252380
1,0.99970871,8.14093113
0,0.00000000,-19.24321365
1,0.99998307,10.98597908
1,0.99489504,5.27242088
0,0.00000000,-31.26922607
1,0.99865168,6.60756445
1,0.98604465,4.25784016
0,0.00007924,-9.44300556
0,0.00112944,-6.78490448
1,0.00120836,-6.71727848
1,0.99944013,7.48721647
1,0.99599034,5.51504087
0,0.00000000,-25.13628769
1,0.97927231,3.85533619
0,0.00000000,-32.70068359
1,0.99861252,6.57890987
0,0.00000000,-20.81295776
1,0.99998105,10.87513638
0,0.00000594,-12.03418636
1,0.11419242,-2.04861474
1,0.71532285,0.92137802
0,0.00003264,-10.33002853
1,0.99792469,6.17560482
1,0.87369913,1.93406928
0,0.00000000,-20.54901505
0,0.04923595,-2.96064186
0,0.00008975,-9.31842709
0,0.00000728,-11.83096123
1,0.99999905,13.80238342
1,0.99010438,4.60571480
1,0.99982822,8.66940784
1,0.99386674,5.08787298
1,0.98893380,4.49272919
0,0.00000000,-25.10398674
1,0.14019208,-1.81369555
0,0.00000016,-15.67717648
1,0.99999881,13.61553001
1,0.86720723,1.87648809
1,0.76333869,1.17107153
1,0.99996793,10.34783173
0,0.00000001,-19.08559227
0,0.00000000,-24.60670280
0,0.00000000,-23.46990776
0,0.00207920,-6.17369175
1,0.99996185,10.17454815
1,0.99999213,11.74888706
1,0.98612899,4.26398993
0,0.00000000,-20.04689026
0,0.00000000,-30.71298218
1,0.69350255,0.81654537
1,0.83548194,1.62498844
0,0.00028263,-8.17110443
1,0.99999988,16.49707413
1,0.99996364,10.22126007
0,0.00041360,-7.79020262
1,0.99999964,14.83087254
0,0.00002346,-10.66028404
1,0.99721754,5.88163280
1,0.99997377,10.54894924
0,0.99169463,4.78251553
1,0.99983740,8.72412205
1,0.99917161,7.09517384
0,0.00017364,-8.65835857
1,0.95620984,3.08356714
0,0.00000654,-11.93830109
0,0.00063069,-7.36806870
1,0.96123993,3.21083355
0,0.00002243,-10.70519924
1,0.99950719,7.61484051
1,0.99999988,16.07375908
1,0.99953091,7.66430426
0,0.00000004,-17.01523209
1,0.99999976,15.50885963
1,0.99999690,12.66704845
1,0.99999976,15.20932674
1,0.99998152,10.90010166
1,0.99467647,5.23027515
0,0.01955053,-3.91500854
1,0.99970657,8.13364792
0,0.00000001,-18.39115906
1,0.17786548,-1.53087652
1,0.99995744,10.06467724
0,0.00000000,-32.22218704
1,0.99997902,10.77015781
0,0.00000000,-25.39733124
0,0.00004943,-9.91494465
0,0.00036360,-7.91908741
1,0.99576253,5.45954037
1,0.99999988,16.42944336
1,0.99999940,14.24425602
0,0.06489307,-2.66792011
0,0.00000000,-25.02446556
1,0.99999797,13.12694645
0,0.00011366,-9.08218670
1,0.99864572,6.60311031
1,0.99958414,7.78465366
1,0.99998248,10.95310688
1,0.99994016,9.72372627
0,0.00000000,-19.52475739
1,0.31826463,-0.76175839
1,0.99992073,9.44330120
0,0.00179833,-6.31909561
0,0.00000157,-13.36629772
1,0.91936338,2.43372869
0,0.95655143,3.09175587
0,0.00535191,-5.22493458
0,0.00008393,-9.38544655
0,0.99241251,4.87364197
1,0.98035944,3.91032052
0,0.00004693,-9.96674633
0,0.00000000,-21.68865013
1,0.99087560,4.68763399
0,0.00000000,-28.36353302
0,0.00000000,-19.54130173
0,0.00004437,-10.02294445
1,0.99982786,8.66737175
0,0.02142349,-3.82161093
1,0.99916124,7.08266830
0,0.00000135,-13.51888752
1,0.99932647,7.30220604
1,0.99994183,9.75193214
1,0.98098570,3.94336843
0,0.00000000,-19.27347565
0,0.00000977,-11.53631687
0,0.00000000,-24.04557037
0,0.00000002,-17.75053596
1,0.99999869,13.58207703
0,0.00001878,-10.88294125
1,0.99934608,7.33186388
0,0.00001212,-11.32085419
0,0.00000000,-21.09601784
1,0.93733090,2.70516682
1,0.92770118,2.55190110
1,0.99865770,6.61203289
0,0.30779934,-0.81042778
1,0.81374162,1.47450817
1,0.00000344,-12.58063412
1,0.99972647,8.20381069
0,0.00000000,-34.90356064
0,0.00000057,-14.37019253
1,0.85645878,1.78618419
0,0.00000161,-13.33864117
0,0.00000000,-21.43966675
1,0.89558864,2.14914227
0,0.00000000,-24.92130280
0,0.98167211,3.98083115
1,0.98748767,4.36844730
1,0.06195177,-2.71744514
1,0.99999845,13.40102291
0,0.00324481,-5.72744751
0,0.00000000,-24.28394699
1,0.99980849,8.56048870
0,0.00034288,-7.97777367
0,0.42911774,-0.28545168
1,0.88247150,2.01604509
1,0.99844068,6.46196651
0,0.00000000,-22.48913956
1,0.99723512,5.88799477
1,0.99998355,11.01635075
1,0.99417311,5.13941765
0,0.00000000,-26.74473190
1,0.18743953,-1.46673393
1,0.99645787,5.63949680
1,0.99990845,9.29884434
0,0.00000051,-14.48718166
0,0.93326616,2.63797903
0,0.00414514,-5.48166561
1,0.86878532,1.89026141
1,0.99250001,4.88532400
0,0.95305258,3.01064181
0,0.00382699,-5.56184340
1,0.99823427,6.33745289
0,0.00000000,-24.27348518
0,0.00000000,-26.32134628
0,0.00000009,-16.18254089
1,0.99997413,10.56031990
0,0.00000451,-12.30883598
1,0.99975866,8.32925987
0,0.00000000,-33.61775970
1,0.99999201,11.74426842
1,0.99530679,5.35693121
1,0.99846435,6.47721291
0,0.00000000,-19.12555313
1,0.99751955,5.99684429
1,0.02415411,-3.69885015
0,0.00000255,-12.87746334
1,0.82966298,1.58324087
1,0.99490476,5.27432823
1,0.00004285,-10.05773926
1,0.99785006,6.14017296
1,0.99087065,4.68709469
0,0.00000000,-21.41754723
1,0.99846530,6.47790051
1,0.00909756,-4.69060993
1,0.99591440,5.49618149
1,0.99997175,10.47453403
1,0.96351373,3.27365208
1,0.07084266,-2.57381678
0,0.00000003,-17.21886826
0,0.01362328,-4.28225803
1,0.99232835,4.86251545
0,0.00000702,-11.86694717
0,0.00007000,-9.56696796
0,0.00000030,-15.02845669
0,0.00000092,-13.89362431
0,0.00838293,-4.77313900
1,0.99494040,5.28138876
0,0.00000000,-21.90250969
1,0.99991179,9.33572674
1,0.99622041,5.57433987
0,0.00000022,-15.33280277
0,0.00000000,-25.99028587
0,0.06625334,-2.64571929
0,0.00000000,-30.18617630
1,0.83123749,1.59442306
1,0.91312885,2.35245061
1,0.97832644,3.80974865
0,0.00000000,-33.04391479
1,0.99663371,5.69056892
1,0.99783224,6.13188171
1,0.99989808,9.19113445
0,0.98886812,4.48675251
1,0.99900454,6.91132879
0,0.18456301,-1.48573327
1,0.99676728,5.73119736
0,0.00000000,-31.76654434
1,0.99786830,6.14869976
0,0.97546637,3.68287086
0,0.00000020,-15.41154385
0,0.84119362,1.66713583
0,0.00000000,-31.98706436
1,0.98264366,4.03628778
1,0.99704933,5.82277584
1,0.52069122,0.08281206
0,0.00000263,-12.85004997
0,0.00020955,-8.47035980
1,0.99942434,7.45934296
0,0.00000364,-12.52427006
0,0.00001034,-11.47978497
0,0.00004136,-10.09310150
1,0.89387792,2.13097906
0,0.00829953,-4.78322220
0,0.00000000,-29.65861130
0,0.00000068,-14.20672321
0,0.00000001,-18.79456711
1,0.07138360,-2.56562757
0,0.00172354,-6.36165142
1,0.07353244,-2.53365231
0,0.00000001,-18.39148712
0,0.00000101,-13.80896473
0,0.00001205,-11.32642555
0,0.77431172,1.23281944
1,1.00000000,21.78621292
1,0.78059542,1.26913953
0,0.00000039,-14.75074291
1,0.99832767,6.39187717
1,0.99991083,9.32508183
1,0.99616987,5.56102324
0,0.92310482,2.48530030
0,0.00000000,-20.54669762
1,0.99928647,7.24447155
1,0.99336326,5.00848055
0,0.00000025,-15.19365215
0,0.00000213,-13.06128597
1,0.25826275,-1.05501759
1,0.99960667,7.84038925
0,0.00000686,-11.88929749
0,0.00000507,-12.19279289
1,0.98086655,3.93699789
0,0.11194248,-2.07105136
1,0.99992847,9.54597759
0,0.00000000,-20.88639450
1,0.99818546,6.31013107
0,0.00249813,-5.98971176
1,0.99993002,9.56652832
1,0.00231157,-6.06751490
1,0.97667897,3.73480225
0,0.00000000,-26.97581482
1,0.99799407,6.20964098
1,0.99800330,6.21428871
0,0.96868360,3.43179607
1,0.96397525,3.28686047
1,0.99999082,11.59647083
0,0.91627127,2.39273024
0,0.00000208,-13.08118534
1,0.98836565,4.44209385
1,0.99999976,15.29434490
1,0.99998438,11.06724072
1,0.95258802,3.00030804
1,0.01648842,-4.08847141
0,0.00001449,-11.14202213
0,0.00000023,-15.30637836
0,0.00000000,-33.26765442
0,0.00000104,-13.77223110
1,0.86392093,1.84824479
1,0.98880613,4.48113060
0,0.00785500,-4.83871889
0,0.98794007,4.40573788
1,1.00000000,17.44537735
1,0.99990785,9.29221535
0,0.00000001,-18.10762978
1,0.99376935,5.07202864
1,0.69003421,0.80027920
0,0.00000000,-28.72260094
0,0.00000329,-12.62500668
0,0.00001586,-11.05147266
1,0.99999285,11.84166431
1,0.99999845,13.38838291
0,0.00097750,-6.92953730
0,0.00000147,-13.42858410
0,0.00000146,-13.43808174
1,0.99999237,11.78107357
0,0.08312107,-2.40067720
1,0.88876855,2.07822299
1,0.99979323,8.48353767
1,0.35091320,-0.61502755
0,0.00208890,-6.16902637
0,0.00000001,-18.21883011
1,0.99999845,13.37756252
0,0.00000002,-17.99427414
0,0.73885828,1.04004276
1,0.95467687,3.04755497
1,0.99997818,10.73225975
1,0.00595166,-5.11811590
0,0.00000098,-13.83899784
1,0.99825782,6.35087824
1,0.92857963,2.56507206
0,0.00000335,-12.60693264
1,0.04533455,-3.04729152
0,0.00000000,-29.30344391
1,0.99999559,12.32017422
0,0.00000023,-15.29016209
0,0.00020678,-8.48363400
0,0.00000383,-12.47314358
0,0.03154177,-3.42439270
0,0.00006117,-9.70172024
1,0.99999619,12.48825932
1,0.98529655,4.20486307
1,0.51473820,0.05896997
1,0.07203081,-2.55590463
0,0.00000385,-12.46631050
0,0.00000000,-29.84997559
0,0.00108010,-6.82961941
0,0.00038709,-7.85645390
0,0.12388643,-1.95613039
1,1.00000000,19.00545883
1,0.99999571,12.34540272
0,0.00035396,-7.94597340
1,0.00004754,-9.95397282
0,0.00000039,-14.75705719
1,0.99962378,7.88514900
1,0.65928048,0.66008949
1,0.99475503,5.24523592
1,0.99192739,4.81117821
0,0.28408670,-0.92427957
1,0.99924785,7.19193172
0,0.00000007,-16.41113281
0,0.00004203,-10.07714558
0,0.00000001,-18.53038788
0,0.00000000,-19.72725487
0,0.00007357,-9.51719093
0,0.00000000,-25.56518936
1,0.98772687,4.38799000
1,0.99953938,7.68249607
0,0.00009093,-9.30528831
0,0.00000000,-25.64099503
1,0.99886346,6.77856255
0,0.00000000,-25.24743843
0,0.35298446,-0.60594630
1,0.00629717,-5.06133747
1,0.99793160,6.17891359
0,0.04831836,-2.98041892
0,0.98029363,3.90691090
1,0.95680732,3.09792948
1,0.97771806,3.78144741
1,0.99999988,16.59460258
0,0.00001189,-11.33950138
1,0.99998999,11.50784206
0,0.00000080,-14.04057026
1,0.99998426,11.06008816
0,0.00000000,-24.22620392
0,0.00200542,-6.20989370
1,0.99868459,6.63228941
1,0.94897944,2.92315865
0,0.99739420,5.94739246
0,0.00000000,-27.28306198
1,0.99964058,7.93054867
1,0.99993610,9.65911961
0,0.00000000,-29.11578941
1,0.88917786,2.08237052
0,0.00008075,-9.42405987
0,0.00000001,-19.06913567
0,0.00014166,-8.86194515
0,0.00000000,-25.73512840
1,0.99910933,7.02273035
1,0.99970031,8.11247540
1,0.92685115,2.53929663
0,0.00081705,-7.10899019
1,0.99733090,5.92332554
0,0.00000000,-24.84306526
0,0.00004441,-10.02201748
0,0.00023329,-8.36297607
0,0.69625044,0.82950586
1,0.92367136,2.49330854
0,0.00000859,-11.66471386
0,0.00021691,-8.43581676
1,0.98041683,3.91330838
0,0.00000000,-21.55729103
1,0.98914731,4.51242495
0,0.00247413,-5.99938869
0,0.00000010,-16.11127090
0,0.98507082,4.18939495
1,0.99647969,5.64567852
1,0.98443919,4.14731216
0,0.00002569,-10.56923008
0,0.00002254,-10.70013905
1,0.59335393,0.37784782
0,0.00000000,-23.35642815
1,0.99998820,11.34440613
0,0.00000000,-20.65183067
0,0.00000001,-18.94290924
1,0.91320789,2.35344720
1,0.80840385,1.43967223
0,0.04601702,-3.03163457
1,0.75821167,1.14289987
1,0.99197853,4.81758118
1,0.99794608,6.18592644
0,0.00000000,-28.96586609
1,1.00000000,17.73803711
1,0.99994934,9.88938236
1,0.99999952,14.50647640
0,0.00007808,-9.45768929
0,0.00000000,-34.24956512
1,0.99999321,11.90230846
1,0.99997747,10.70154476
1,0.00000012,-15.94527340
0,0.00000003,-17.31204796
0,0.00000013,-15.83476734
0,0.00000000,-24.13228798
1,0.99923027,7.16871405
0,0.74880826,1.09226656
1,0.99999952,14.56181335
1,0.99998653,11.21510506
1,0.99978739,8.45583630
1,0.98959267,4.55478382
1,0.99857843,6.55453873
0,0.99361587,5.04753780
1,0.99978751,8.45644093
0,0.05086058,-2.92646766
0,0.01887856,-3.95066929
0,0.00000000,-35.80651855
1,0.99899226,6.89901066
1,0.99959964,7.82256126
1,0.99999678,12.65708256
0,0.86846638,1.88746631
0,0.00000012,-15.94961452
0,0.00028049,-8.17867947
1,0.93043578,2.59340310
1,0.99999058,11.57152653
0,0.00000055,-14.41180897
0,0.00143275,-6.54672527
0,0.99949586,7.59213734
0,0.00000023,-15.27581787
1,0.89387792,2.13097858
1,0.99973100,8.22075653
1,0.82726568,1.56637084
0,0.00031999,-8.04690361
0,0.17173758,-1.57336247
0,0.00000000,-19.54556656
0,0.00005762,-9.76164913
1,0.86415291,1.85021985
1,0.99731559,5.91761017
1,0.85845751,1.80253732
0,0.00230949,-6.06841660
1,0.98648483,4.29033327
1,0.96857351,3.42817473
0,0.00000001,-18.01828957
0,0.00000000,-23.62086868
0,0.76909995,1.20323598
1,0.99825114,6.34703970
0,0.00758469,-4.87401009
0,0.00000000,-20.08973885
0,0.08932954,-2.32184887
1,0.99997377,10.55089092
1,0.99989915,9.20229626
1,0.99999928,14.16331768
1,0.99086434,4.68639803
1,0.98936367,4.53278637
0,0.00000000,-32.89216614
1,0.99972337,8.19265842
1,0.99999213,11.75655651
0,0.00000000,-31.22225952
1,0.99999928,14.16652107
1,0.99999833,13.32823372
0,0.07424024,-2.52330852
1,0.93616652,2.68551493
0,0.11810893,-2.01046133
1,0.99899763,6.90435696
1,0.50786495,0.03146248
1,0.99127883,4.73325014
0,0.00948049,-4.64899397
0,0.00000793,-11.74546242
0,0.00105014,-6.85778046
0,0.00000004,-17.09328461
0,0.13882041,-1.82512200
0,0.00000002,-17.56472397
1,0.72346973,0.96173859
1,0.99925286,7.19853115
1,0.86075437,1.82156932
0,0.00000007,-16.51902962
1,0.00211243,-6.15780115
0,0.08703169,-2.35042882
0,0.97625685,3.71642995
1,0.86280984,1.83882582
0,0.00000000,-31.32673454
1,0.99435765,5.17180252
0,0.77216095,1.22055340
1,0.05609537,-2.82297182
0,0.32193545,-0.74489141
0,0.00000000,-32.22724533
1,0.73353249,1.01261961
1,0.97949803,3.86651778
0,0.38462004,-0.46998379
1,0.99119473,4.72355986
0,0.00076701,-7.17224598
1,0.76393986,1.17440236
0,0.00001886,-10.87828922
1,0.99950242,7.60535622
1,0.99908340,6.99395084
0,0.00000009,-16.20923233
1,0.99943990,7.48693228
0,0.00000000,-31.43131638
1,0.99966347,7.99645042
0,0.00002063,-10.78860569
0,0.00000010,-16.10488319
0,0.00000098,-13.83542061
0,0.00000000,-24.57369232
0,0.00819541,-4.79595232
0,0.00001644,-11.01574039
0,0.00000000,-36.58617783
1,0.98559475,4.22565174
1,0.98034084,3.90935588
0,0.28630838,-0.91338158
0,0.34004053,-0.66311359
1,0.92265958,2.47904444
0,0.00000000,-19.68846893
0,0.00000000,-29.46456718
0,0.99999547,12.30028439
1,0.92745972,2.54830790
0,0.00000001,-18.24077797
1,0.99989569,9.16811848
0,0.00319178,-5.74397802
0,0.00026597,-8.23186016
0,0.88816655,2.07214880
1,0.98652923,4.29367161
1,0.99855262,6.53659964
1,0.99351186,5.03127003
0,0.00000000,-30.20598984
1,0.99999702,12.73023701
1,0.99932373,7.29822350
0,0.00000000,-29.69576073
0,0.00000000,-20.40205574
1,0.98975998,4.57116318
0,0.00000000,-33.77083969
0,0.00163155,-6.41659069
1,0.99959785,7.81822348
1,0.99999964,14.89102840
1,0.93865800,2.72798586
0,0.00036594,-7.91266537
1,0.99203908,4.82522011
1,0.10844472,-2.10672688
1,0.83520377,1.62296617
0,0.00000001,-18.06307983
1,0.99909163,7.00298977
0,0.22755072,-1.22219312
1,0.99997437,10.57219601
1,0.97714818,3.75560546
0,0.00000000,-24.16859627
1,0.99999917,14.06526566
1,0.99827480,6.36071014
1,0.99830735,6.37977934
1,0.83733660,1.63854289
0,0.00000150,-13.41195107
0,0.99497414,5.28810978
0,0.00000001,-18.08181572
0,0.00000000,-25.56966209
1,0.99999988,15.70920467
1,1.00000000,18.38848305
1,0.63626593,0.55919373
0,0.00000899,-11.61902428
1,0.61460108,0.46669450
1,0.99999952,14.66967297
0,0.00008033,-9.42927456
0,0.00000007,-16.47993469
1,0.99904090,6.94853401
1,0.99059999,4.65759850
1,0.99824274,6.34226799
0,0.65779424,0.65347993
0,0.01780497,-4.01031256
1,0.13922064,-1.82177818
1,0.99936897,7.36747599
1,0.99989414,9.15386391
1,0.99940705,7.42983532
1,0.99622798,5.57635784
